10000001,2022-03-09,MyVision,,,0,0,,
10000002,2019-11-10,Event,,,0,0,,
10000003,2021-05-25,Item,,,0,0,,
10000041,2021-05-25,Knowlege,Item,,0,0,,10000036
10000042,2021-05-25,History,Item,,0,0,,10000036
10000048,2021-05-25,IT行业,Item,,0,0,,10000044
10000049,2021-05-25,汽车行业,Item,,0,0,,10000044
10000050,2021-05-25,航天技术,Item,,0,0,,10000044
10000052,2021-05-25,金融IT,Item,,0,0,,10000051
10000053,2021-05-25,新日铁,Item,,0,0,,10000052
10000054,2021-05-25,NEC,Item,,0,0,,10000052
10000055,2021-05-25,农牧林渔,Item,,0,0,,10000046
10000056,2021-05-25,工业制造,Item,,0,0,,10000046
10000057,2021-05-25,服务销售,Item,,0,0,,10000046
10000058,2021-05-25,管理监督,Item,,0,0,,10000046
10000059,2021-05-25,房地产,Item,,0,0,,10000057
10000060,2021-05-25,交通运输,Item,,0,0,,10000058
10000061,2021-05-25,军事知识,Item,,1,0,,10000047
10000062,2021-05-25,数学,Item,,0,0,,10000041
10000063,2021-05-25,物理,Item,,0,0,,10000041
10000069,2021-05-25,中国史,Item,,0,0,,10000042
10000080,2021-05-25,国人思维,Item,,0,0,,10000043
10000081,2021-05-25,东方思维,Item,,0,0,,10000043
10000082,2021-05-25,欧美思维,Item,,0,0,,10000043
10000083,2021-05-25,自我个性,Item,,0,0,,10000043
10000084,2021-05-25,生活品德,Item,,0,0,,10000080
10000086,2021-05-25,传统文化,Item,,0,0,,10000080
10000087,2021-05-25,流行文化,Item,,0,0,,10000080
10000088,2021-05-25,马克思主义哲学,Item,,0,0,,10000085
10000089,2021-05-25,儒,Item,,0,0,,10000086
10000090,2021-05-25,道,Item,,0,0,,10000086
10000091,2021-05-25,佛,Item,,0,0,,10000086
10000096,2021-05-25,International Church Assembly,Item,,0,0,,10000094
10000097,2021-05-25,自我评价,Item,,0,0,,10000083
10000098,2021-05-25,人际交流,Item,,0,0,,10000083
10000099,2021-05-25,价值观念,Item,,0,0,,10000083
10000100,2021-05-25,人生规划,Item,,0,0,,10000083
10000015,2019-11-10,Programmer,Event,,0,10000168,,10000011
10000016,2019-11-10,Social,Event,,1,10000040,,10000011
10000017,2019-11-10,Knowledge,Event,,3,10000041,,10000011
10000012,2019-11-10,Life,Event,,1,10000012,,10000002
10000013,2019-11-10,Learn,Event,,2,10000165,,10000002
10000026,2019-11-10,Fantasy,Event,,2,10000163,,10000013
10000028,2019-11-10,Discipline,Event,,5,10000201,,10000013
10000029,2019-11-10,Exercise,Event,,6,10000190,,10000013
10000014,2019-11-10,Play,Event,,3,10000014,,10000002
10000025,2019-11-10,Language,Event,,3,10000200,,10000013
10000031,2019-11-10,Book,Event,,1,10000102,,10000014
10000032,2019-11-10,Game,Event,,2,10000103,,10000014
10000033,2019-11-10,Movie,Event,,3,10000104,,10000014
10000034,2019-11-10,Music,Event,,4,10000105,,10000014
10000101,2021-05-25,Animation,Item,,0,0,,10000037
10000102,2021-05-25,Book,Item,,0,0,,10000037
10000092,2021-05-25,実践倫理,Item,"",3,0,"",10000081
10000093,2021-05-25,Positive Psychology,Item,"",2,0,"",10000082
10000094,2021-05-25,Christian,Item,"",3,0,"",10000082
10000070,2021-05-25,世界史,Item,"",4,0,"",10000042
10000095,2021-05-25,PhilosophyProblem,Item,"",9,0,"",10000082
10000072,2021-05-25,秦汉,Item,"",6,0,"",10000069
10000074,2021-05-25,宋元,Item,"",21,0,"",10000069
10000073,2021-05-25,隋唐五代十国,Diagram,"",13,0,"",10000069
10000075,2021-05-25,近代,Item,"",41,0,"",10000069
10000071,2021-05-25,夏朝（BC2070）,Item,"",2,0,"",10000069
10000077,2021-05-25,欧美史,Item,"",3,0,"",10000042
10000078,2021-05-25,工业革命,Item,"",4,0,"",10000077
10000079,2021-05-25,世界大战,Item,"",5,0,"",10000077
10000064,2021-05-25,化学,Item,"",1,0,"",10019767
10000005,2022-03-09,价值观,Diagram,"",2,0,"",10000001
10000065,2021-05-25,生物,Item,"",2,0,"",10019767
10000044,2021-05-25,科技行业,Item,"",0,0,"",10019784
10000045,2021-05-25,教育人文,Item,"",2,0,"",10019784
10000046,2021-05-25,基础行业,Item,"",3,0,"",10019784
10000047,2021-05-25,政治军事,Item,"",3,0,"",10019318
10000067,2021-05-25,电学,Item,"",3,0,"",10000063
10000066,2021-05-25,天文地理,Item,"",4,0,"",10000041
10000068,2021-05-25,信息学,Item,"",1,0,"",10019887
10000051,2021-05-25,日本IT,Item,"",3,0,"",10000048
10000006,2022-03-09,系统,Diagram,"",5,0,"",10000004
10000004,2022-03-09,事件,Diagram,"",1,0,"",10000001
10000043,2021-05-25,思维,Item,"",3,0,"",10021749
10000039,2021-05-25,人生观,Item,"",2,0,"",10000003
10000008,2022-03-09,人际,Diagram,"",1,0,"",10000005
10000010,2022-03-09,成就,Diagram,"",3,0,"",10000005
10000040,2021-05-25,社会时事,Item,"",0,0,"",10000036
10000036,2021-05-25,世界观（现实）,Item,"",2,0,"",10021747
10000009,2022-03-09,爱好,Diagram,"",2,0,"",10000005
10000038,2021-05-25,Achievement,Item,"",3,0,"",10000007
10000037,2021-05-25,Collection,Item,"",2,0,"",10000007
10000007,2022-03-09,价值观,Diagram,"",1,0,"",10000003
10000103,2021-05-25,Game,Item,,0,0,,10000037
10000104,2021-05-25,Movie,Item,,0,0,,10000037
10000105,2021-05-25,Music,Item,,0,0,,10000037
10000112,2021-05-25,勇者召唤,Item,,0,0,,10000107
10000023,2019-11-10,Communicate,Event,"",0,10027679,"",10000011
10000021,2019-11-10,Account,Event,"",0,10027679,"",10000012
10000020,2019-11-10,Live,Event,"",0,10027679,"",10000012
10000027,2019-11-10,Note,Event,"",4,10027679,"",10000013
10000022,2019-11-10,Rest,Event,"",0,10027679,"",10000012
10000117,2021-05-25,虚拟现实,Item,,0,0,,10000109
10000118,2021-05-25,经典文学,Item,,0,0,,10000102
10000137,2021-05-25,国产,Item,,0,0,,10000104
10000139,2021-05-25,欧美剧,Item,,0,0,,10000104
10000141,2021-05-25,电视剧,Item,,0,0,,10000137
10000142,2021-05-25,明星剧,Item,,0,0,,10000137
10000143,2021-05-25,娱乐节目,Item,,0,0,,10000137
10000144,2021-05-25,武侠剧,Item,,0,0,,10000141
10000145,2021-05-25,李连杰,Item,,0,0,,10000142
10000146,2021-05-25,周星驰,Item,,0,0,,10000142
10000147,2021-05-25,吴京,Item,,0,0,,10000142
10000148,2021-05-25,日剧,Item,,0,0,,10000138
10000149,2021-05-25,韩剧,Item,,0,0,,10000138
10000150,2021-05-25,东南亚剧,Item,,0,0,,10000138
10000151,2021-05-25,印剧,Item,,0,0,,10000138
10000152,2021-05-25,动漫电影,Item,,0,0,,10000148
10000153,2021-05-25,美剧,Item,,0,0,,10000139
10000154,2021-05-25,魔幻,Item,,0,0,,10000139
10000155,2021-05-25,科幻,Item,,0,0,,10000139
10000156,2021-05-25,抖音,Item,,0,0,,10000140
10000157,2021-05-25,中文歌,Item,,0,0,,10000105
10000158,2021-05-25,日文歌,Item,,0,0,,10000105
10000159,2021-05-25,英文歌,Item,,0,0,,10000105
10000161,2021-05-25,动漫音乐,Item,,0,0,,10000158
10000162,2021-05-25,Project,Item,,0,0,,10000038
10000163,2021-05-25,Fantasy,Item,,0,0,,10000038
10000167,2021-05-25,编程经验,Item,,0,0,,10000162
10000168,2021-05-25,工作经验,Item,,0,0,,10000162
10000169,2021-05-25,计算机应用,Item,,0,0,,10000162
10000170,2021-05-25,技术前沿,Item,,0,0,,10000166
10000172,2021-05-25,MyVision,Item,,0,0,,10000167
10000173,2021-05-25,TSSummit,Item,,0,0,,10000168
10000174,2021-05-25,Neso,Item,,0,0,,10000168
10000175,2021-05-25,视频剪辑,Item,,0,0,,10000169
10000176,2021-05-25,应用问题,Item,,0,0,,10000169
10000177,2021-05-25,旋律系列,Item,,0,0,,10000163
10000178,2021-05-25,新的篇章,Item,,0,0,,10000163
10000179,2021-05-25,主题创作,Item,,0,0,,10000163
10000180,2021-05-25,旅者之歌,Item,,0,0,,10000177
10000181,2021-05-25,城市恋曲,Item,,0,0,,10000177
10000182,2021-05-25,宇宙音符,Item,,0,0,,10000177
10000183,2021-05-25,魔法旋律,Item,,0,0,,10000177
10000184,2021-05-25,新篇,Item,,0,0,,10000178
10000185,2021-05-25,联想,Item,,0,0,,10000178
10000186,2021-05-25,行动,Item,,0,0,,10000178
10000187,2021-05-25,勇者传说,Item,,0,0,,10000179
10000188,2021-05-25,平凡系列,Item,,0,0,,10000179
10000189,2021-05-25,共同创作,Item,,0,0,,10000179
10000194,2021-05-25,旅途,Item,,0,0,,10000164
10000195,2021-05-25,永川,Item,,0,0,,10000194
10000196,2021-05-25,北京,Item,,0,0,,10000194
10000197,2021-05-25,重庆,Item,,0,0,,10000194
10000199,2021-05-25,短暂停留,Item,,0,0,,10000194
10000200,2021-05-25,Language,Item,,0,0,,10000165
10000201,2021-05-25,Discipline,Item,,0,0,,10000165
10000135,2021-05-25,掌机主机,,"",3,0,"",10018130
10000130,2021-05-25,RPG,,"",1,0,"",10018131
10000132,2021-05-25,网游,,"",1,0,"",10018132
10000133,2021-05-25,页游,,"",2,0,"",10018132
10000131,2021-05-25,SLG,"","",4,0,"",10018131
10000160,2021-05-25,音乐合集,Item,"",4,0,"",10000105
10000140,2021-05-25,自媒体,Item,"",4,0,"",10000104
10000204,2021-05-25,ICAEvent,Item,"",2,0,"",10019645
10000122,2021-05-25,武侠,Item,"",5,0,"",10000118
10000123,2021-05-25,穿越历史,Item,"",11,0,"",10021520
10000126,2021-05-25,仙侠,Item,"",14,0,"",10021521
10000127,2021-05-25,魔幻,Item,"",15,0,"",10021521
10000125,2021-05-25,玄幻,Item,"",17,0,"",10021521
10000124,2021-05-25,都市,Item,"",12,0,"",10021520
10000138,2021-05-25,他国剧,Item,"",3,0,"",10000104
10000203,2021-05-25,朝起会活動,Item,"",2,0,"",10019643
10000190,2021-05-25,锻炼,Item,"",0,0,"",10000164
10000191,2021-05-25,交流,Item,"",0,0,"",10000164
10000193,2021-05-25,自我,Item,"",0,0,"",10000164
10000164,2021-05-25,旅程,Item,"",0,0,"",10018656
10000134,2021-05-25,手机游戏,"","",4,0,"",10018132
10000205,2021-05-25,PositivePsychology,Item,,0,0,,10000201
10000206,2021-05-25,TED,Item,,0,0,,10000201
10000208,2021-05-25,Worship-Songs,Item,,0,0,,10000204
10000248,2021-05-25,东京,Item,,3,0,,10000217
10000107,2021-05-25,异界冒险,Item,"",3,0,"",10026968
10000108,2021-05-25,都市异能,Item,"",2,0,"",10026968
10000109,2021-05-25,科幻战争,Item,"",4,0,"",10026968
10000110,2021-05-25,偶像音乐,Item,"",4,0,"",10000106
10000111,2021-05-25,格斗竞技,Item,"",5,0,"",10000106
10000120,2021-05-25,轻小说,Item,"",8,0,"",10027152
10000198,2021-05-25,东京出行,Item,"",4,0,"",10000248
10000210,2021-05-25,初中课程,Item,"",0,0,"",10026411
10000165,2021-05-25,文化,Item,"",0,0,"",10018656
10000209,2021-05-25,小学课程,Item,"",0,0,"",10018893
10000211,2021-05-25,高中课程,Item,"",4,0,"",10018502
10000253,2021-05-25,青年部,Item,,0,0,,10000251
10000254,2021-05-25,高岛平会场,Item,,0,0,,10000251
10000255,2021-05-25,本部,Item,,0,0,,10000251
10000256,2021-05-25,西千叶会场,Item,,0,0,,10000251
10000257,2021-05-25,其他会场,Item,,0,0,,10000251
10000265,2021-11-01,MyVision,Event,"",0,10000172,2021-11-01,10000024
10000268,1990-09-09,青草坝,Event,1995-02-31,0,0,1990-09-09,10000012
10000269,1993-09-01,大安,Event,1995-08-31,0,0,1993-09-01,10000012
10000270,1995-09-01,三百梯,Event,1996-08-31,0,0,1995-09-01,10000012
10000166,2021-05-25,技术学习,Item,"",0,0,"",10028972
10000271,1997-07-01,石油路,Event,2000-08-31,0,0,1997-07-01,10000012
10000273,1998-07-01,红白机,Event,1999-08-31,0,10000128,1998-07-01,10000032
10000274,1999-10-01,街机,Event,2003-08-31,0,10000129,1999-10-01,10000032
10000276,2002-09-01,广电局家属院,Event,2003-02-28,0,0,2002-09-01,10000012
10000277,2003-03-01,石油西路,Event,2016-06-15,0,0,2003-03-01,10000012
10000280,2013-08-01,静淑苑,Event,2015-01-23,0,0,2013-08-01,10000012
10000281,2015-03-01,思辨,Event,2015-06-31,0,10000241,2015-03-01,10000011
10000282,2016-07-01,Elife,Event,2019-03-31,0,10000243,2016-07-01,10000011
10000284,1996-09-01,川剧团,Event,1997-06-31,0,0,1996-09-01,10000012
10000285,2015-07-01,环保局,Event,2016-05-31,0,10000242,2015-07-01,10000011
10000286,2013-08-01,NEC,Event,2014-10-31,0,10000054,2013-08-01,10000011
10000294,2022-03-05,FantasyWorldDiagram,Item,,0,0,,
10000295,2022-03-05,属性,Item,,0,0,,10000294
10000296,2022-03-05,职业,Item,,0,0,,10000294
10000272,1997-09-01,萱花小学,Event,2003-06-30,11,0,1997-09-01,10000013
10000279,2009-09-01,北京林业大学,Event,2013-06-30,15,0,2009-09-01,10000013
10000287,2003-09-01,萱花中学,Event,2006-06-30,13,0,2003-09-01,10000013
10000288,2006-09-01,永川中学,Event,2009-06-30,14,0,2006-09-01,10000013
10000289,2021-10-15,21年10月新番,Event,2021-12-31,219,10000101,2021-10-15,10000030
10000278,2003-10-01,广电局办公室,Event,2009-07-31,11,10000014,2003-10-01,10000014
10000297,2022-03-05,基础属性,Item,,0,0,,10000295
10000298,2022-03-05,战斗属性,Item,,0,0,,10000295
10000299,2022-03-05,战斗职业,Item,,0,0,,10000296
10000300,2022-03-05,生产职业,Item,,0,0,,10000296
10000301,2022-03-05,种族职业,Item,,0,0,,10000296
10000241,2021-05-25,思辨,Person,"",2,0,"",10025297
10000245,2021-05-25,新日铁,Person,"",0,0,"",10000240
10000213,2021-05-25,Circle,Item,"",1,0,"",10000007
10000246,2021-05-25,SJI,Person,"",0,0,"",10000243
10000244,2021-05-25,NECGroup,Person,"",1,0,"",10025296
10000238,2021-05-25,北京林业大学,Person,"",18,0,"",10000215
10000240,2021-05-25,NesoGroup,Person,"",2,0,"",10018481
10000207,2021-05-25,青年部活動,Item,"",0,0,"",10000203
10000230,2021-05-25,三孃家,Person,"",3,0,"",10000220
10000232,2021-05-25,大舅家,Item,"",5,0,"",10000220
10000231,2021-05-25,四孃家,Person,"",4,0,"",10000220
10000229,2021-05-25,二孃家,Person,"",2,0,"",10000220
10000220,2021-05-25,母系-谢家,Person,"",3,0,"",10000214
10000219,2021-05-25,肖家,Person,"",2,0,"",10000214
10000222,2021-05-25,三孃家,Person,"",2,0,"",10025055
10000224,2021-05-25,幺幺家,Person,"",6,0,"",10025055
10000223,2021-05-25,五爷家,Person,"",5,0,"",10025055
10000258,2021-05-25,武术馆,Person,"",1,0,"",10018498
10000221,2021-05-25,二爷家,Person,"",1,0,"",10025055
10000214,2021-05-25,家族,Item,"",1,0,"",10000213
10000251,2021-05-25,朝起会組織,Item,"",1,0,"",10019643
10000242,2021-05-25,环保局人员,Person,"",1,0,"",10022679
10000252,2021-05-25,ICAGroup,Item,"",1,0,"",10019645
10000260,2021-10-15,抖音,Event,2022-09-25,0,10000156,2021-10-15,10000033
10000291,2022-02-13,YouTube,Event,2022-09-29,0,0,2022-02-13,10000034
10000261,2021-10-16,Project-Note,Event,2022-10-21,0,10000171,2021-10-16,10000024
10000267,2021-10-15,朝起会,Event,2021-09-28,0,10000203,2021-10-15,10000028
10000239,2021-05-25,天行者读书与实践协会,Person,"",5,0,"",10000238
10000234,2021-05-25,八孃家,Item,"",8,0,"",10000220
10000218,2021-05-25,家人,Item,"",0,0,"",10000214
10000243,2021-05-25,Elife,Person,"",1,0,"",10025059
10000216,2021-05-25,工作经历,Item,"",3,0,"",10000039
10000217,2021-05-25,旅行见闻,Item,"",4,0,"",10000039
10000236,2021-05-25,初中,Person,"",1,0,"",10024975
10000215,2021-05-25,学生生涯,Item,"",2,0,"",10000039
10000302,2022-03-05,战士系职业,Item,,0,0,,10000299
10000303,2022-03-05,法师系职业,Item,,0,0,,10000299
10000305,2022-03-16,部落时代,Item,,0,0,,10000304
10000306,2022-03-16,基辅罗斯,Item,,0,0,,10000304
10000307,2022-03-16,沙皇俄国,Item,,0,0,,10000304
10000011,2019-11-10,Work,Event,,0,10000168,,10000002
10000024,2019-11-10,Project,Event,,1,10000162,,10000013
10000275,2001-08-27,渝西武馆,Event,2002-06-30,12,0,2001-08-27,10000013
10018131,,电脑游戏,,,0,0,,10000103
10018132,,网络游戏,,,0,0,,10000103
10018338,2022-04-12,故事基础——大哥,,,0,0,,
10018339,2022-04-12,社会生活,,"",0,0,"",10018338
10000293,2019-01-01,补番,Event,"",333,10026968,2019-01-01,10000030
10000263,2021-10-15,杨罡,Event,2023-05-10,0,10000263,2021-10-15,10000020
10000290,2019-04-01,Neso,Event,2023-05-10,3,10000174,2019-04-01,10000015
10000250,2021-05-25,网络,Item,"",5,0,"",10018656
10000225,2021-05-25,大公家,Person,"",11,0,"",10027735
10000226,2021-05-25,三公家,Person,"",13,0,"",10027735
10000227,2021-05-25,五公家,Person,"",15,0,"",10027735
10000228,2021-05-25,幺公家,Person,"",16,0,"",10027735
10000237,2021-05-25,高中同学,Person,"",3,0,"",10018502
10000292,2022-02-13,Worship-Songs,Event,2023-05-10,0,10000208,2022-02-13,10000025
10000262,2021-10-16,TED,Event,2023-05-10,0,10000206,2021-10-16,10000025
10018340,2022-04-12,神话历史,,"",0,0,"",10018338
10018342,2022-04-12,神话故事,,"",0,0,"",10018340
10018343,2022-04-12,历史演义,,"",0,0,"",10018340
10018345,2022-04-12,武侠,,"",0,0,"",10018341
10018357,2022-04-12,都市生活,,"",0,0,"",10018339
10018370,2022-04-12,前秦,,"",0,0,"",10018343
10018371,2022-04-12,秦汉,,"",0,0,"",10018343
10018376,2022-04-12,三国,,"",0,0,"",10018343
10018388,2022-04-12,两晋南北朝,,"",0,0,"",10018343
10018393,2022-04-12,隋唐,,"",0,0,"",10018343
10018358,2022-04-12,近现代历史,,"",0,0,"",10018338
10019260,2022-05-04,夏朝,"","",0,0,"",10019257
10018341,2022-04-12,幻想世界,,"",4,0,"",10018338
10018399,2022-04-12,五代十国,,"",0,0,"",10018343
10018409,2022-04-12,警匪故事,,"",0,0,"",10018339
10018410,2022-04-12,校园故事,,"",0,0,"",10018339
10018411,2022-04-12,家庭故事,,"",0,0,"",10018339
10018414,2022-04-13,能源行业,,"",0,0,"",10000044
10018416,2022-04-13,政治格局,,"",1,0,"",10000047
10018417,2022-04-13,舆论导向,,"",3,0,"",10000047
10018400,2022-04-12,宋元,,"",0,0,"",10018343
10018401,2022-04-12,明朝,,"",21,0,"",10018343
10018402,2022-04-12,清朝,,"",31,0,"",10018343
10018427,2022-04-13,YoungAdultGroup,,"",0,0,"",10000252
10018428,2022-04-13,ProductionTeam,,"",0,0,"",10000252
10018450,2022-04-14,欧美史,,,0,0,,
10000085,2021-05-25,共产主义,Item,"",1,0,"",10000081
10018454,2022-04-14,Western Values,"","",1,0,"",10000082
10018465,2022-04-14,部落时代,"","",1,0,"",10000069
10018469,2022-04-14,三国,"","",8,0,"",10000069
10018470,2022-04-14,两晋南北朝,Diagram,"",11,0,"",10000069
10018471,2022-04-14,明朝,"","",25,0,"",10000069
10018472,2022-04-14,清朝,"","",28,0,"",10000069
10018466,2022-04-14,商朝（BC1600）,"","",3,0,"",10000069
10000076,2021-05-25,古代文明,Item,"",2,0,"",10000042
10018467,2022-04-14,周朝,"","",4,0,"",10000069
10018468,2022-04-14,春秋战国,Diagram,"",5,0,"",10000069
10018473,2022-04-14,古巴比伦（BC6000）,"","",0,0,"",10000076
10018474,2022-04-14,古埃及（BC5500）,"","",0,0,"",10000076
10018475,2022-04-14,古印度（BC3000）,"","",0,0,"",10000076
10018477,2022-04-14,生活圈,,,0,0,,
10018346,2022-04-12,网络文化,"","",0,0,"",10018341
10018496,2022-04-14,刘老师家,Diagram,"",9,0,"",10018893
10018500,2022-04-14,小学生活,"","",3,0,"",10024970
10018523,2022-04-15,微信通话,"","",0,0,"",10018522
10018529,2022-04-15,AssetList,,,0,0,,
10018533,2022-04-15,电子产品,"","",0,0,"",10018529
10018542,2022-04-15,文本记录,"","",0,0,"",10018529
10018549,2022-04-15,网络产品,"","",0,0,"",10018533
10018552,2022-04-15,服装,"","",0,0,"",10018529
10018557,2022-04-15,杂物行李,"","",0,0,"",10018529
10018572,2022-04-15,西平井552-6,,,0,0,,
10018573,2022-04-15,高島平2-26-2,,,0,0,,
10018586,2022-04-15,東京見物,,,0,0,,
10018587,2022-04-15,東京都内,"","",0,0,"",10018586
10018588,2022-04-15,観光地,"","",0,0,"",10018586
10018589,2022-04-15,旅行,"","",0,0,"",10018586
10018590,2022-04-15,登山,"","",0,0,"",10018589
10018606,2022-04-15,日常生活,"","",0,0,"",10018573
10018502,2022-04-14,永川中学,Diagram,"",16,0,"",10000215
10018498,2022-04-14,渝西武馆,Diagram,"",10,0,"",10018652
10018501,2022-04-14,萱花中学,Diagram,"",3,0,"",10024975
10018482,2022-04-14,青草坝,Diagram,"",1,0,"",10018478
10018478,2022-04-14,青草坝肖家,Event,"",0,0,"",10018652
10018516,2022-04-14,青峰,Diagram,"",21,0,"",10018652
10018493,2022-04-14,大安,Diagram,"",2,0,"",10018478
10018130,"",游戏机,"","",4,0,"",10000103
10018517,2022-04-14,Asset,Event,"",6,0,"",10018657
10018522,2022-04-15,网络,Event,"",9,0,"",10018657
10000304,2022-03-16,俄罗斯历史,Item,"",0,0,"",10019406
10000128,2021-05-25,红白机,"","",1,0,"",10018130
10018494,2022-04-14,三百梯,Diagram,"",3,0,"",10018658
10018609,2022-04-15,活動範囲,"","",0,0,"",10018573
10018623,2022-04-15,社交,"","",0,0,"",10018573
10018302,2022-04-11,22年4月新番,Collection,2022-09-30,0,10000101,2022-04-01,10000030
10019318,2022-05-05,中国大陆,"","",1,0,"",10019307
10018660,2022-04-16,古希腊（BC800）,"","",1,0,"",10000077
10018661,2022-04-16,古罗马（BC753）,"","",2,0,"",10000077
10018662,2022-04-16,中世纪,"","",3,0,"",10000077
10018658,2022-04-16,短居,Diagram,"",4,0,"",10018478
10019390,2022-05-05,系统,"","",1,0,"",10019389
10018893,2022-04-24,萱花小学,"","",2,0,"",10024970
10018677,2022-04-16,中国史详细,,,0,0,,
10018794,2022-04-19,蓮根3-3-5 206,,,0,0,,
10018895,2022-04-24,永川中学,"","",0,0,"",10018502
10018988,2022-04-27,证件整理,"","",0,0,"",10018542
10018995,2022-04-27,Neso,"","",0,0,"",10018481
10018654,2022-04-16,老家,Diagram,"",1,0,"",10018478
10019021,2022-04-28,人生路,"","",0,0,"",10000157
10019022,2022-04-28,音乐相关,"","",0,0,"",10000160
10019032,2022-04-28,人生,,,0,0,,
10018503,2022-04-14,广电局办公室,"","",14,0,"",10018497
10018495,2022-04-14,石油路老宅,Diagram,"",5,0,"",10025169
10018506,2022-04-14,稲毛海岸,Diagram,"",0,0,"",10027254
10018481,2022-04-14,东京Neso,Event,"",4,0,"",10019629
10018513,2022-04-14,川崎大師,"","",3,0,"",10027254
10018514,2022-04-14,南流山,"","",5,0,"",10027254
10018504,2022-04-14,高島平,Diagram,"",0,0,"",10027253
10018743,2022-04-17,林业大学,"","",0,0,"",10024318
10018744,2022-04-17,NECSL,"","",0,0,"",10025296
10018480,2022-04-14,重庆,Diagram,"",3,0,"",10025297
10018869,2022-04-23,welps,"","",0,0,2022-04-23,10000198
10019033,2022-04-28,往事,"","",1,0,"",10019032
10019037,2022-04-28,童年,"","",1,0,"",10019033
10019038,2022-04-28,学生,"","",2,0,"",10019033
10019039,2022-04-28,工作,"","",3,0,"",10019033
10019042,2022-04-28,技术,"","",1,0,"",10019035
10019040,2022-04-28,外貌,"","",1,0,"",10019034
10019041,2022-04-28,性格,"","",2,0,"",10019034
10019035,2022-04-28,能力,"","",4,0,"",10019032
10019043,2022-04-28,爱好,"","",2,0,"",10019035
10019045,2022-04-28,资产,"","",2,0,"",10019036
10019046,2022-04-28,价值,"","",3,0,"",10019034
10019047,2022-04-28,追求,"","",4,0,"",10019034
10019249,2022-05-04,现代,"","",91,0,"",10000069
10019257,2022-05-04,神话部落时代,"","",0,0,"",10018677
10019258,2022-05-04,神话时代,"","",0,0,"",10019257
10019259,2022-05-04,部落时代,"","",0,0,"",10019257
10019261,2022-05-04,商朝,"","",0,0,"",10019257
10019262,2022-05-04,周朝,"","",0,0,"",10019257
10019263,,封建时代-汉唐,,,0,0,,10018677
10019264,,封建时代-宋明,,,0,0,,10018677
10019265,,近代历史,,,0,0,,10018677
10019266,2022-05-04,非洲历史,,,0,0,,
10019268,2022-05-04,非洲名人,"","",0,0,"",10019266
10019270,2022-05-04,冷战时期,"","",41,0,"",10000070
10019271,2022-05-04,清末,"","",1,0,"",10019265
10019272,2022-05-04,民国,"","",2,0,"",10019265
10019273,2022-05-04,共和国,"","",3,0,"",10019265
10019285,2022-05-04,新时代,"","",1990,0,"",10000070
10019287,2022-05-04,世界名人录,,,0,0,,
10019289,2022-05-04,东亚,"","",1,0,"",10019287
10019290,2022-05-04,欧洲,"","",2,0,"",10019287
10019291,2022-05-04,中东地区,"","",3,0,"",10019287
10019292,2022-05-04,其他区域,"","",4,0,"",10019287
10019293,2022-05-04,冲突地区,"","",1,0,"",10019291
10019307,2022-05-05,东亚地区,"","",1,0,"",10019305
10019308,2022-05-05,欧洲地区,"","",2,0,"",10019305
10019310,2022-05-05,其他地区,"","",4,0,"",10019305
10019311,2022-05-05,中东地区,"","",1,0,"",10019310
10019314,2022-05-05,非洲地区,"","",4,0,"",10019310
10019312,2022-05-05,东南亚澳洲地区,"","",2,0,"",10019310
10019313,2022-05-05,南亚地区,"","",3,0,"",10019310
10019315,2022-05-05,南美地区,"","",6,0,"",10019310
10019309,2022-05-05,北美地区,"","",3,0,"",10019305
10019316,2022-05-05,美国,"","",1,0,"",10019309
10019324,2022-05-05,德国,"","",3,0,"",10019308
10019325,2022-05-05,法国,"","",4,0,"",10019308
10019326,2022-05-05,英国,"","",5,0,"",10019308
10019321,2022-05-05,苏俄,"","",1,0,"",10019308
10019334,2022-05-05,仙侠修真,"","",1,0,"",10018346
10019144,2022-04-29,魔幻世界,"","",2,0,"",10018346
10019336,2022-05-05,玄幻修炼,"","",4,0,"",10018346
10019337,2022-05-05,科技高武,"","",5,0,"",10018346
10019339,2022-05-05,历史神话,"","",6,0,"",10018346
10019335,2022-05-05,都市异能,"","",0,0,"",10018346
10019375,2022-05-05,架空历史,"","",95,0,"",10018343
10019350,2022-05-05,诸天世界,"","",11,0,"",10018346
10019386,2022-05-05,军旅时政,"","",0,0,"",10018339
10019406,2022-05-06,欧洲国家史,,,0,0,,
10019408,2022-05-06,波兰历史,"","",9,0,"",10019406
10019418,2022-05-06,波兰立陶宛联邦,"","",3,0,"",10019408
10019427,2022-05-06,波兰复国,"","",5,0,"",10019408
10019409,2022-05-06,波兰建国（960）,"","",1,0,"",10019408
10019436,2022-05-06,苏联,Item,"",6,0,"",10000304
10019437,2022-05-06,俄罗斯联邦,Item,"",8,0,"",10000304
10019440,2022-05-06,星界,Item,"",3,0,"",10019439
10019463,2022-05-07,游戏,Item,"",1,0,"",10019439
10019464,2022-05-07,修真,Item,"",0,0,"",10000126
10019036,2022-04-28,财富,"","",4,0,"",10019035
10019328,2022-05-05,虚拟世界,"","",3,0,"",10019641
10019034,2022-04-28,特征,"","",3,0,"",10019032
10018657,2022-04-16,随身,"","",4,0,"",10018656
10018616,2022-04-15,書類作業,"","",0,0,"",10018609
10019305,2022-05-05,世界格局,"","",0,0,"",10000036
10018652,2022-04-16,往事回忆,"","",0,0,"",10000039
10018894,2022-04-24,萱花中学,"","",0,0,"",10018501
10019468,2022-05-07,星界,Item,"",4,0,"",10000109
10000129,2021-05-25,街机,"","",2,0,"",10018130
10019471,2022-05-08,棋牌,"","",1,0,"",10000136
10019472,2022-05-08,扑克,"","",1,0,"",10019471
10019475,2022-05-08,棋类,"","",2,0,"",10019471
10019482,2022-05-08,竞技,"","",1,0,"",10000132
10019782,2022-05-17,艺术学,"","",1,0,"",10019777
10019783,2022-05-17,经济学,"","",7,0,"",10019779
10019487,2022-05-08,SRPG,"","",1,0,"",10000130
10019485,2022-05-08,战棋,"","",1,0,"",10019487
10019488,2022-05-08,ARPG,"","",2,0,"",10000130
10019486,2022-05-08,ACT,"","",6,0,"",10018131
10019489,2022-05-08,RTS,"","",1,0,"",10000131
10019494,2022-05-08,外国生活,"","",1,0,"",10018357
10019491,2022-05-08,抗战,"","",1,0,"",10018358
10019498,2022-05-08,MusicTeam,Item,"",4,0,"",10000252
10019501,2022-05-08,PastorFamily,Item,"",8,0,"",10000252
10019503,2022-05-08,计算机,"","",1,0,"",10019042
10019504,2022-05-08,外语,"","",2,0,"",10019042
10019534,2022-05-08,哲学思想,"","",1,0,"",10019046
10019565,2022-05-09,东京生活（细节）,,,0,0,,
10019567,2022-05-09,生活记忆,"","",1,0,"",10018572
10019568,2022-05-09,社交范围,"","",2,0,"",10018572
10020065,2022-05-20,网络,"","",3,0,"",10019823
10019590,2022-05-09,后宫恋爱,Item,"",1,0,"",10000106
10019389,2022-05-05,诸天,"","",2,0,"",10027152
10019439,2022-05-06,科幻,Item,"",16,0,"",10021521
10000266,2021-10-15,ICA,Event,2023-05-10,4,10000204,2021-10-15,10000025
10019438,2022-05-06,漫画,Item,"",9,0,"",10027152
10018656,2022-04-16,世界旅行,"","",4,0,"",10000248
10019236,2022-05-03,ICAGroup,Person,2023-05-10,5,10000252,2022-05-03,10000025
10019599,2022-05-09,悬疑,Item,"",3,0,"",10000108
10019628,2022-05-10,早期工作,Item,"",4,0,"",10000216
10019638,2022-05-10,室友,Person,"",1,0,"",10000243
10019639,2022-05-10,技能,"","",1,0,"",10019553
10019640,2022-05-10,财富,"","",2,0,"",10019553
10019688,2022-05-15,ChristianValue,Diagram,"",3,0,"",10019645
10019327,2022-05-05,现实世界,"","",2,0,"",10019641
10019682,2022-05-14,生活剧,Item,"",1,0,"",10000141
10019687,2022-05-15,ICAHangOut,Item,"",1,0,"",10000204
10019641,2022-05-10,世界观,Diagram,"",4,0,"",10000001
10019689,2022-05-15,BibleVerse,Diagram,"",1,0,"",10019688
10019690,2022-05-15,ICALesson,Diagram,"",2,0,"",10019688
10019700,2022-05-15,Knowlege,Event,"",7,10000041,"",10000013
10019728,2022-05-17,医学,Item,"",1,0,"",10000065
10019752,2022-05-17,哲学,"","",1,0,"",10019750
10019753,2022-05-17,三观,"","",1,0,"",10019752
10019757,2022-05-17,哲学家,"","",1,0,"",10019752
10019763,2022-05-17,农学,Item,"",2,0,"",10000065
10019764,2022-05-17,天文学,Item,"",1,0,"",10000066
10019765,2022-05-17,力学,Item,"",2,0,"",10000063
10020214,2022-05-24,潇洒,"","",4,0,"",10020203
10019766,2022-05-17,生态学,Item,"",3,0,"",10000065
10019767,2022-05-17,生化学,Item,"",3,0,"",10000041
10019768,2022-05-17,应用数学,Item,"",1,0,"",10000062
10019693,2022-05-15,数学建模,Item,"",1,0,"",10019768
10019769,2022-05-17,数论,Item,"",1,0,"",10000062
10019740,2022-05-17,数学猜想,Item,"",7,0,"",10019769
10019774,2022-05-17,数学结构,Item,"",1,0,"",10019769
10019775,2022-05-17,数学空间,Item,"",2,0,"",10019769
10019776,2022-05-17,数学变化,Item,"",3,0,"",10019769
10019777,2022-05-17,文学,"","",2,0,"",10019750
10019778,2022-05-17,教育学,"","",3,0,"",10019750
10019779,2022-05-17,管理学,"","",4,0,"",10019750
10019780,2022-05-17,法学,"","",5,0,"",10019779
10019781,2022-05-17,军事学,"","",6,0,"",10019779
10019791,2022-05-17,政治军事,"","",4,0,"",10019784
10019792,2022-05-17,重庆,Item,"",1,0,"",10019789
10019796,2022-05-17,科技发展,Item,"",1,0,"",10000040
10019797,2022-05-17,便民生活,Item,"",2,0,"",10000040
10019798,2022-05-17,社会管理,Item,"",3,0,"",10000040
10019799,2022-05-17,饮食文化,Item,"",1,0,"",10019797
10019800,2022-05-17,购物运输,Item,"",2,0,"",10019797
10019801,2022-05-17,疫情防控,Item,"",9,0,"",10019798
10019802,2022-05-17,文化娱乐,Item,"",4,0,"",10000040
10019803,2022-05-17,教育人文,Item,"",1,0,"",10019802
10019804,2022-05-17,明星娱乐,Item,"",2,0,"",10019802
10019805,2022-05-17,舆论导向,Item,"",3,0,"",10019802
10019806,2022-05-17,重大事故,Item,"",1,0,"",10019798
10019812,2022-05-17,经济活动,Item,"",4,0,"",10019798
10019821,2022-05-17,世界,,,0,0,,
10019824,2022-05-17,社会,"","",2,0,"",10019821
10019826,2022-05-17,知识,"","",4,0,"",10019821
10019825,2022-05-17,政局,"","",3,0,"",10019821
10019827,2022-05-17,永川,"","",1,0,"",10019823
10019829,2022-05-17,东京,"","",3,0,"",10019823
10019823,2022-05-17,交际,"","",2,0,"",10020090
10019714,2022-05-16,排行,Diagram,"",1,0,"",10000009
10019786,2022-05-17,大学,Item,"",1,0,"",10020771
10019789,2022-05-17,中学,Item,"",2,0,"",10020771
10019790,2022-05-17,小学,Item,"",3,0,"",10020771
10019643,2022-05-10,朝起会,"","",0,0,"",10000038
10019645,2022-05-10,ICA,"","",0,0,"",10000038
10019629,2022-05-10,东京工作,Item,"",13,0,"",10000216
10019784,2022-05-17,行业结构,"","",0,0,"",10000036
10019553,2022-05-09,能力,"","",4,0,"",10021749
10019750,2022-05-17,人文科学,"","",0,0,"",10000036
10019552,2022-05-09,人生观,Diagram,"",3,0,"",10000001
10019634,2022-05-10,检察支队,Person,"",3,0,"",10000242
10019635,2022-05-10,监测站,Person,"",4,0,"",10000242
10019841,2022-05-17,工作行业,"","",2,0,"",10019824
10019844,2022-05-17,国家政治,"","",1,0,"",10019825
10019849,2022-05-17,人文,"","",1,0,"",10019826
10019852,2022-05-17,新中国发展史,"","",8,0,"",10018358
10019807,2022-05-17,光学,Item,"",4,0,"",10000063
10019867,2022-05-18,热学,Item,"",1,0,"",10019765
10019871,2022-05-18,电路,Item,"",1,0,"",10000067
10019885,2022-05-18,模电,Item,"",1,0,"",10019871
10019886,2022-05-18,数电,Item,"",2,0,"",10019871
10019887,2022-05-18,集成电路,Item,"",3,0,"",10019871
10019850,2022-05-17,理工,"","",2,0,"",10019826
10019892,2022-05-18,数学,"","",1,0,"",10019850
10019893,2022-05-18,物理,"","",2,0,"",10019850
10019940,2022-05-19,疫情爆发,Item,"",1,0,"",10019801
10019942,2022-05-19,几何,Item,"",1,0,"",10019775
10019949,2022-05-19,化学,"","",3,0,"",10019850
10019950,2022-05-19,生物,"","",4,0,"",10019850
10019956,2022-05-19,物理反应,Item,"",1,0,"",10000064
10019957,2022-05-19,化学反应,Item,"",2,0,"",10000064
10019983,2022-05-19,哲学,"","",1,0,"",10019849
10019993,2022-05-19,历史概要,"","",2,0,"",10019825
10019994,2022-05-19,中国史,"","",1,0,"",10019993
10020004,2022-05-19,古文明,"","",3,0,"",10019993
10020008,2022-05-19,欧洲史,"","",5,0,"",10019993
10020014,2022-05-19,人体结构,"","",1,0,"",10019728
10020045,2022-05-20,哲学故事,"","",1,0,"",10019757
10020046,2022-05-20,中国故事,"","",1,0,"",10020045
10020059,2022-05-20,IT行业,Item,"",1,0,"",10019796
10020064,2022-05-20,故事,"","",4,0,"",10019821
10019589,2022-05-09,搞笑日常,Item,"",2,0,"",10000106
10019713,2022-05-16,快捷方式,Diagram,"",1,0,"",10000004
10020068,2022-05-20,历史,"","",1,0,"",10020064
10020069,2022-05-20,生活,"","",2,0,"",10020064
10020070,2022-05-20,幻想,"","",3,0,"",10020064
10020071,2022-05-20,科幻,"","",1,0,"",10020070
10020072,2022-05-20,魔幻,"","",2,0,"",10020070
10020074,2022-05-20,修真,"","",4,0,"",10020070
10020075,2022-05-20,玄幻,"","",5,0,"",10020070
10020076,2022-05-20,同人,"","",6,0,"",10020070
10020083,2022-05-20,娱乐,"","",4,0,"",10019849
10020078,2022-05-20,运动,"","",3,0,"",10019849
10020090,2022-05-20,生活,"","",2,0,"",10019032
10020091,2022-05-20,衣食住行,"","",1,0,"",10020090
10020136,2022-05-22,武魂,Item,"",2,0,"",10000157
10020140,2022-05-23,春秋,"","",1,0,"",10019262
10020141,2022-05-23,战国,"","",2,0,"",10019262
10020144,2022-05-23,地理学,Item,"",2,0,"",10000066
10020155,2022-05-23,地理,"","",6,0,"",10019850
10020158,2022-05-23,农业,"","",1,0,"",10019841
10020159,2022-05-23,工业,"","",2,0,"",10019841
10020161,2022-05-23,商业,"","",5,0,"",10019841
10020162,2022-05-23,管理,"","",7,0,"",10019841
10020163,2022-05-23,服务业,"","",1,0,"",10020161
10020160,2022-05-23,重工业,"","",3,0,"",10020159
10020202,2022-05-24,性格特征,"","",1,0,"",10020200
10020203,2022-05-24,女性角色,"","",2,0,"",10020200
10020204,2022-05-24,男性角色,"","",3,0,"",10020200
10020209,2022-05-24,无心,"","",1,0,"",10020203
10020212,2022-05-24,文静,"","",2,0,"",10020203
10020213,2022-05-24,天真,"","",3,0,"",10020203
10020273,2022-05-25,平和,"","",1,0,"",10020204
10020276,2022-05-25,善良,"","",2,0,"",10020204
10000233,2021-05-25,幺舅家,Person,"",6,0,"",10000220
10020280,2022-05-25,机智,"","",4,0,"",10020204
10020304,2022-05-26,爽朗,"","",5,0,"",10020204
10020417,2022-05-27,大五爷家,Person,"",2,0,"",10000225
10019840,2022-05-17,文化教育,"","",4,0,"",10019851
10020362,2022-05-27,生活方式,"","",2,0,"",10019824
10020364,2022-05-27,城市,"","",2,0,"",10020362
10020377,2022-05-27,中国,"","",1,0,"",10019844
10020411,2022-05-27,肖光家,Item,"",2,0,"",10000221
10020279,2022-05-25,坚毅,"","",3,0,"",10020204
10020416,2022-05-27,肖影家,Person,"",1,0,"",10000223
10020418,2022-05-27,大幺幺家,Person,"",6,0,"",10000225
10020419,2022-05-27,三爷家,Person,"",3,0,"",10000226
10020421,2022-05-27,保保家,Person,"",1,0,"",10000227
10020422,2022-05-27,大二爷家,Person,"",2,0,"",10000227
10020423,2022-05-27,琴孃家,Person,"",1,0,"",10000228
10020435,2022-05-28,思想修养与法律基础,,,0,0,,
10020442,2022-05-28,生活意识,"","",1,0,"",10020437
10020451,2022-05-28,绪论,"","",1,0,"",10020435
10020437,2022-05-28,大学生活与目标,"","",1,0,"",10020451
10020448,2022-05-28,道德与法律,"","",2,0,"",10020451
10020452,2022-05-28,社会主义核心价值观,"","",3,0,"",10020451
10020457,2022-05-28,学习方法,"","",4,0,"",10020451
10020461,2022-05-28,理想信仰,"","",2,0,"",10020435
10020462,2022-05-28,理想与现实,"","",1,0,"",10020461
10020468,2022-05-28,民族精神,"","",2,0,"",10020461
10020481,2022-05-28,人生观,"","",3,0,"",10020461
10020489,2022-05-28,人生价值,"","",2,0,"",10020481
10020497,2022-05-28,调节自我,"","",2,0,"",10020481
10020503,2022-05-28,道德,"","",3,0,"",10020435
10020504,2022-05-28,法律,"","",4,0,"",10020435
10020506,2022-05-28,道德本质,"","",1,0,"",10020503
10020511,2022-05-28,传统美德,"","",1,0,"",10020506
10020518,2022-05-28,革命道德,"","",2,0,"",10020506
10019851,2022-05-17,时政舆论,"","",-1,0,"",10019825
10019988,2022-05-19,文艺,"","",2,0,"",10019849
10020073,2022-05-20,武侠,"","",3,0,"",10020070
10020113,2022-05-21,第二回ウェルカラ,"","",2,0,"",10018869
10020526,2022-05-28,道德实践,"","",2,0,"",10020503
10020532,2022-05-28,社会公德,"","",3,0,"",10020506
10020549,2022-05-29,Chin Family,Item,"",6,0,"",10000252
10020570,2022-05-29,职业,"","",1,0,"",10020526
10020573,2022-05-29,生活,"","",2,0,"",10020526
10020576,2022-05-29,恋爱,"","",1,0,"",10020573
10020582,2022-05-29,婚姻,"","",2,0,"",10020573
10020587,2022-05-29,个人品德,"","",3,0,"",10020503
10020591,2022-05-29,法律定义,"","",1,0,"",10020504
10020592,2022-05-29,法律类型,"","",1,0,"",10020591
10020610,2022-05-29,法律内容,"","",2,0,"",10020504
10020611,2022-05-29,宪法,"","",1,0,"",10020610
10020622,2022-05-29,法制观念,"","",3,0,"",10020504
10020625,2022-05-29,法制思维,"","",1,0,"",10020622
10020627,2022-05-29,法律权威,"","",2,0,"",10020622
10020640,2022-05-29,法律权利,"","",4,0,"",10020504
10020643,2022-05-29,权利分类,"","",1,0,"",10020640
10020645,2022-05-29,基本权利,"","",1,0,"",10020640
10020646,2022-05-29,法律义务,"","",5,0,"",10020504
10020663,2022-05-30,经历,"","",2,0,"",10019036
10020668,2022-05-30,地区运动,"","",5,0,"",10019993
10020683,2022-05-30,信息技术,"","",1,0,"",10019893
10020692,2022-05-31,性格特征,"","",1,0,"",10020308
10020830,2022-06-01,烟酒茶,Item,"",1,0,"",10020766
10020831,2022-06-01,建材,Item,"",1,0,"",10000059
10020836,2022-06-01,信用,Item,"",1,0,"",10020786
10020845,2022-06-01,会计,Item,"",2,0,"",10020786
10020871,2022-06-03,世界观光景点,,,0,0,,
10020873,2022-06-03,中国,"","",1,0,"",10020871
10020696,2022-05-31,无心,Person,"",1,0,"",10020693
10020697,2022-05-31,温柔,Person,"",2,0,"",10020693
10020698,2022-05-31,纯真,Person,"",3,0,"",10020693
10020699,2022-05-31,潇洒,Person,"",4,0,"",10020693
10020701,2022-05-31,平和,Person,"",1,0,"",10020694
10020308,2022-05-26,幻构人物,"","",2,0,"",10027425
10020420,2022-05-27,坤树家,Person,"",1,0,"",10000226
10020413,2022-05-27,坤文家,Item,"",1,0,"",10000225
10020702,2022-05-31,独立,Person,"",2,0,"",10020694
10020705,2022-05-31,善良,Person,"",3,0,"",10020694
10020703,2022-05-31,爽朗,Person,"",4,0,"",10020694
10020874,2022-06-03,日本,"","",2,0,"",10020871
10020695,2022-05-31,特殊角色,Person,"",4,0,"",10020308
10020693,2022-05-31,女性角色,Person,"",2,0,"",10020308
10020694,2022-05-31,男性角色,Person,"",3,0,"",10020308
10020704,2022-05-31,出尘,Person,"",5,0,"",10020694
10020718,2022-05-31,特殊角色,"","",4,0,"",10020200
10020720,2022-05-31,神秘组织,"","",2,0,"",10020718
10020750,2022-06-01,数学（详细）,,,0,0,,
10020753,2022-06-01,几何学,"","",2,0,"",10020750
10020752,2022-06-01,代数学,"","",1,0,"",10020750
10020754,2022-06-01,数学应用,"","",3,0,"",10020750
10020755,2022-06-01,材料学,Item,"",3,0,"",10000064
10020756,2022-06-01,工程学,Item,"",2,0,"",10019765
10020761,2022-06-01,中国IT,Item,"",0,0,"",10000048
10020763,2022-06-01,他国IT,Item,"",4,0,"",10000048
10020762,2022-06-01,美国IT,Item,"",2,0,"",10000048
10020765,2022-06-01,家电,Item,"",2,0,"",10000057
10020766,2022-06-01,餐饮,Item,"",3,0,"",10000057
10020767,2022-06-01,服装,Item,"",4,0,"",10000057
10020771,2022-06-01,教育,Item,"",1,0,"",10000045
10020772,2022-06-01,人文,Item,"",2,0,"",10000045
10020773,2022-06-01,娱乐,Item,"",3,0,"",10000045
10020774,2022-06-01,影视,Item,"",1,0,"",10020773
10020775,2022-06-01,乐园,Item,"",2,0,"",10020773
10020786,2022-06-01,金融,Item,"",2,0,"",10000058
10020788,2022-06-01,超市,Item,"",6,0,"",10000057
10022367,2022-07-04,亲情,"","",2,0,"",10022058
10020790,2022-06-01,电子工业,Item,"",3,0,"",10000056
10020791,2022-06-01,机械制造,Item,"",1,0,"",10000056
10020796,2022-06-01,奢侈品,Item,"",7,0,"",10000057
10020798,2022-06-01,中国,"","",1,0,"",10019791
10020799,2022-06-01,美国,"","",2,0,"",10019791
10020800,2022-06-01,日本,"","",3,0,"",10019791
10020813,2022-06-01,游戏,Item,"",3,0,"",10020773
10020815,2022-06-01,文学,Item,"",1,0,"",10020772
10020816,2022-06-01,艺术,Item,"",2,0,"",10020772
10020817,2022-06-01,网络文学,Item,"",3,0,"",10020772
10020821,2022-06-01,快递,Item,"",1,0,"",10000060
10020875,2022-06-03,欧美,"","",3,0,"",10020871
10020876,2022-06-03,其他,"","",4,0,"",10020871
10020877,2022-06-03,山西,"","",21,0,"",10020873
10020922,2022-06-04,唐诗宋词元曲,,,0,0,,
10020923,2022-06-04,唐诗,"","",1,0,"",10020922
10020924,2022-06-04,宋词,"","",2,0,"",10020922
10020925,2022-06-04,曲联,"","",3,0,"",10020922
10020926,2022-06-04,现代,"","",4,0,"",10020922
10020937,2022-06-05,肖体蛟详细,,,0,0,,
10020939,2022-06-05,肖智华爱好详细,,,0,0,,
10020940,2022-06-05,小说,"","",1,0,"",10020933
10020941,2022-06-05,游戏,"","",2,0,"",10020933
10020942,2022-06-05,动漫,"","",3,0,"",10020933
10020945,2022-06-05,槽点,"","",9,0,"",10020942
10020948,2022-06-05,肖体松爱好详细,,,0,0,,
10020954,2022-06-06,小说,"","",0,0,"",10020935
10020700,2022-05-31,傲娇,Person,"",5,0,"",10020693
10020956,2022-06-06,游戏,"","",2,0,"",10020935
10020957,2022-06-06,动漫,"","",3,0,"",10020935
10020960,2022-06-06,小说,"","",1,0,"",10020934
10020962,2022-06-06,动漫,"","",2,0,"",10020934
10020963,2022-06-06,仙侠,"","",0,0,"",10020952
10020950,2022-06-05,讨厌,"","",6,0,"",10020933
10020952,2022-06-06,小说,"","",0,0,"",10020948
10020933,2022-06-05,华,"","",1,0,"",10020928
10020934,2022-06-05,蛟,"","",2,0,"",10020928
10020935,2022-06-05,松,"","",3,0,"",10020928
10020719,2022-05-31,情侣组合,"","",1,0,"",10020718
10020716,2022-05-31,世界格局,Event,2022-09-29,1,10019305,2022-05-31,10000016
10020949,2022-06-05,喜欢,"","",5,0,"",10020933
10021007,2022-06-06,游戏,"","",3,0,"",10020934
10021009,2022-06-06,游戏,"","",1,0,"",10021008
10021014,2022-06-06,肖体月爱好详细,,,0,0,,
10021016,2022-06-06,喜欢,"","",5,0,"",10020935
10021017,2022-06-06,讨厌,"","",6,0,"",10020935
10021019,2022-06-06,喜欢,"","",5,0,"",10020934
10021020,2022-06-06,讨厌,"","",6,0,"",10020934
10021102,2022-06-10,东方神话,"","",1,0,"",10021101
10021103,2022-06-10,西方神话,"","",2,0,"",10021101
10021104,2022-06-10,民族神话,"","",3,0,"",10021101
10021105,2022-06-10,新神话体系,"","",4,0,"",10021101
10021106,2022-06-10,希腊神话,"","",1,0,"",10021103
10021107,2022-06-10,北欧神话,"","",2,0,"",10021103
10021110,2022-06-10,北欧神话体系,,,0,0,,
10021111,2022-06-10,诸神,"","",1,0,"",10021110
10021115,2022-06-10,英雄,"","",2,0,"",10021110
10021116,2022-06-10,怪兽,"","",3,0,"",10021110
10021112,2022-06-10,故事,"","",4,0,"",10021110
10021125,2022-06-10,神器,"","",1,0,"",10021111
10021132,2022-06-10,奥丁家,"","",0,0,"",10021111
10021133,2022-06-10,洛基家,"","",0,0,"",10021111
10021136,2022-06-10,英灵殿,"","",1,0,"",10021115
10021140,2022-06-10,男性性格,"","",2,0,"",10020692
10021139,2022-06-10,女性性格,"","",1,0,"",10020692
10021141,2022-06-10,欣赏个性,"","",3,0,"",10020692
10021152,2022-06-10,推崇个性,"","",4,0,"",10020692
10021164,2022-06-10,期待个性,"","",5,0,"",10020692
10021190,2022-06-10,希腊神话体系,,,0,0,,
10021194,2022-06-10,中国神话,"","",1,0,"",10021102
10021195,2022-06-10,日本神话,"","",2,0,"",10021102
10021196,2022-06-10,中国神话体系,,,0,0,,
10021198,2022-06-10,英国神话体系：亚瑟王,,,0,0,,
10021200,2022-06-10,德国神话体系：尼伯龙根,,,0,0,,
10021202,2022-06-10,埃及神话,"","",1,0,"",10021104
10021203,2022-06-10,巴比伦神话,"","",2,0,"",10021104
10021237,2022-06-11,傲娇,"","",1,0,"",10020214
10021238,2022-06-11,腹黑,"","",2,0,"",10020214
10021240,2022-06-11,自卑,"","",1,0,"",10020213
10021244,2022-06-11,学习,"","",3,0,"",10020090
10021245,2022-06-11,娱乐,"","",4,0,"",10020090
10021248,2022-06-11,犹太神话体系,,,0,0,,
10021271,2022-06-11,动漫轻小说,"","",2,0,"",10020960
10021008,2022-06-06,月,"","",4,0,"",10020928
10021334,2022-06-14,线性代数,"","",2,0,"",10020752
10021335,2022-06-14,概率统计,"","",1,0,"",10020754
10021336,2022-06-14,复变函数,"","",5,0,"",10020754
10021357,2022-06-14,编程技术框架,,,0,0,,
10021359,2022-06-14,应用程序,"","",1,0,"",10021357
10021360,2022-06-14,网络程序,"","",2,0,"",10021357
10021361,2022-06-14,编程基础,"","",0,0,"",10021357
10021363,2022-06-14,C语言,"","",2,0,"",10021361
10021364,2022-06-14,Java,"","",3,0,"",10021361
10021398,2022-06-14,Java应用,"","",3,0,"",10021360
10021465,2022-06-15,计算机课程,Item,"",4,0,"",10000166
10021400,2022-06-14,Powershell应用,"","",3,0,"",10021359
10021382,2022-06-14,Python应用,"","",5,0,"",10021360
10021362,2022-06-14,基础语言,"","",1,0,"",10021361
10021417,2022-06-15,TSSummit,,,0,0,,
10021418,2022-06-15,开发作业,"","",1,0,"",10021417
10021419,2022-06-15,环境管理,"","",2,0,"",10021417
10021420,2022-06-15,系统结构,"","",0,0,"",10021417
10021432,2022-06-15,基本框架,"","",2,0,"",10021420
10021421,2022-06-15,基础服务,"","",3,0,"",10021420
10021436,2022-06-15,NSML,,,0,0,,
10021440,2022-06-15,MyVision,,,0,0,,
10021441,2022-06-15,开发目标,"","",1,0,"",10021440
10021442,2022-06-15,开发作业,"","",2,0,"",10021440
10021443,2022-06-15,数据录入,"","",3,0,"",10021440
10021444,2022-06-15,服务器,Item,"",4,0,"",10000167
10021458,2022-06-15,管理软件,"","",4,0,"",10021361
10021461,2022-06-15,实用软件学习,Item,"",2,0,"",10000166
10021464,2022-06-15,编程软件学习,Item,"",2,0,"",10000166
10021466,2022-06-15,编程技术学习,Item,"",3,0,"",10000166
10021469,2022-06-15,第一回ウェルカラ,"","",1,0,"",10018869
10021531,2022-06-16,超级英雄,Item,"",4,0,"",10000139
10021536,2022-06-16,卡通搞笑,Item,"",5,0,"",10000139
10021590,2022-06-17,Elife,Item,"",4,0,"",10000168
10021592,2022-06-17,思辨,Item,"",3,0,"",10000168
10021596,2022-06-17,图片,,,0,0,,
10021602,2022-06-17,体能,"","",0,0,"",10019035
10021604,2022-06-17,精神,"","",0,0,"",10019035
10021623,2022-06-17,自动化09-1,Person,"",2,0,"",10000238
10021611,2022-06-17,318,Person,"",1,0,"",10021622
10021610,2022-06-17,317,Person,"",2,0,"",10021622
10021622,2022-06-17,自动化09-2,Person,"",1,0,"",10000238
10021562,2022-06-16,历史演义,"","",2,0,"",10021751
10021204,2022-06-10,犹太神话,"","",4,0,"",10021103
10021566,2022-06-16,西方魔幻,"","",7,0,"",10021751
10021565,2022-06-16,武侠修真,"","",5,0,"",10021751
10021568,2022-06-16,诸天同人,"","",9,0,"",10021751
10021563,2022-06-16,都市生活,"","",3,0,"",10021751
10021205,2022-06-10,伊斯兰神话,"","",5,0,"",10021103
10021627,2022-06-17,童年生活,Diagram,"",1,0,"",10019552
10021451,2022-06-15,服务中心,Person,"",5,0,"",10000242
10021631,2022-06-17,日常活动,"","",0,0,"",10018572
10021632,2022-06-17,属性,"","",0,0,"",10019553
10021633,2022-06-17,身体能力,"","",1,0,"",10021632
10021724,2022-06-21,食べ物,"","",0,0,"",10018606
10021730,2022-06-22,杨罡,"","",0,0,"",10019565
10021740,2022-06-22,分类,Diagram,"",1,0,"",10000006
10022440,2022-07-06,特殊世界,"","",4,0,"",10021567
10021751,2022-06-22,世界观（虚拟）,"","",3,0,"",10021747
10021753,2022-06-22,冷傲,"","",1,0,"",10020209
10021771,2022-06-23,高島平Line,Item,"",1,0,"",10000254
10021800,2022-06-23,特殊项目,,,0,0,,
10021792,2022-06-23,四书五经,"","",1,0,"",10021800
10021795,2022-06-23,论语,"","",1,0,"",10021792
10021833,2022-06-23,学而篇,"","",1,0,"",10021795
10021838,2022-06-23,为政篇,"","",2,0,"",10021795
10021839,2022-06-23,八佾篇,"","",3,0,"",10021795
10021840,2022-06-23,里仁篇,"","",4,0,"",10021795
10021841,2022-06-23,公冶长篇,"","",5,0,"",10021795
10021842,2022-06-23,雍也篇,"","",6,0,"",10021795
10021843,2022-06-23,述而篇,"","",7,0,"",10021795
10021845,2022-06-23,泰伯篇,"","",8,0,"",10021795
10021832,2022-06-23,子罕篇,"","",9,0,"",10021795
10021846,2022-06-23,乡党篇,"","",10,0,"",10021795
10021850,2022-06-23,启蒙读物,"","",9,0,"",10021792
10021853,2022-06-23,先进篇,"","",11,0,"",10021795
10021856,2022-06-23,颜渊篇,"","",12,0,"",10021795
10021865,2022-06-23,子路篇,"","",13,0,"",10021795
10021872,2022-06-23,宪问篇,"","",14,0,"",10021795
10021881,2022-06-23,卫灵公篇,"","",15,0,"",10021795
10021898,2022-06-23,季氏篇,"","",16,0,"",10021795
10021902,2022-06-23,阳货篇,"","",17,0,"",10021795
10021913,2022-06-23,微子篇,"","",18,0,"",10021795
10021917,2022-06-23,子张篇,"","",19,0,"",10021795
10021923,2022-06-23,尧曰篇,"","",20,0,"",10021795
10021955,2022-06-24,爱好,"","",4,0,"",10019553
10021994,2022-06-25,中世纪时代,"","",0,0,"",10021566
10021993,2022-06-25,剑与魔法的世界,"","",1,0,"",10021566
10021995,2022-06-25,异世界穿越,"","",3,0,"",10021566
10021996,2022-06-25,勇者召唤,"","",4,0,"",10021995
10021997,2022-06-25,游戏世界,"","",5,0,"",10021995
10022015,2022-06-25,欧美风,"","",1,0,"",10021993
10021517,2022-06-16,童话,Item,"",1,0,"",10027145
10021520,2022-06-16,网文现实,Item,"",5,0,"",10000102
10021749,2022-06-22,Status,"","",4,0,"",10000007
10021521,2022-06-16,网文幻想,Item,"",7,0,"",10000102
10021457,2022-06-15,NSML,Event,2023-05-10,0,10021436,2016-06-20,10000015
10021639,2022-06-17,高中同学（失联）,Person,"",3,0,"",10000237
10022016,2022-06-25,中国风,"","",2,0,"",10021993
10022017,2022-06-25,日系魔幻,"","",3,0,"",10021993
10022018,2022-06-25,第三回ウェルから,"","",3,0,"",10018869
10022021,2022-06-25,流行歌曲,Item,"",2,0,"",10000158
10022041,2022-06-25,武侠,"","",1,0,"",10021565
10022042,2022-06-25,仙侠,"","",2,0,"",10021565
10022043,2022-06-25,修真,"","",4,0,"",10021565
10022071,2022-06-26,金庸群侠,"","",0,0,"",10022041
10022072,2022-06-26,古龙群侠,"","",2,0,"",10022041
10022119,2022-06-27,洪荒世界,"","",2,0,"",10022043
10022126,2022-06-27,功夫明星,"","",2,0,"",10022044
10022158,2022-06-28,神话汇聚,"","",1,0,"",10021568
10022161,2022-06-28,历经诸天,"","",2,0,"",10021568
10022184,2022-06-29,恋爱,"","",1,0,"",10022058
10022188,2022-06-29,斗者世界,"","",1,0,"",10022046
10022210,2022-06-30,历史演义,"","",1,0,"",10021562
10022211,2022-06-30,穿越古代,"","",2,0,"",10021562
10022212,2022-06-30,架空历史,"","",3,0,"",10021562
10022045,2022-06-25,异能都市,"","",1,0,"",10021567
10021652,2022-06-17,奇幻世界,"","",2,0,"",10021567
10022257,2022-06-30,自创世界,"","",4,0,"",10021566
10022267,2022-07-01,餐馆,Item,"",1,0,"",10020766
10022118,2022-06-27,都市修真,"","",1,0,"",10022043
10022304,2022-07-03,灵气复苏,"","",1,0,"",10022118
10022183,2022-06-29,校园,"","",3,0,"",10022058
10022370,2022-07-04,日漫异能,"","",4,0,"",10022059
10021101,2022-06-10,神话起源,"","",1,0,"",10021751
10022351,2022-07-04,历史题材,"","",4,0,"",10021562
10022059,2022-06-26,都市战斗,"","",4,0,"",10021751
10021567,2022-06-16,玄幻异界,"","",6,0,"",10021751
10022361,2022-07-04,同人穿越,"","",3,0,"",10021568
10022058,2022-06-26,情感故事,"","",1,0,"",10021563
10022363,2022-07-04,国外疫情,Item,"",2,0,"",10019801
10022369,2022-07-04,警匪故事,"","",1,0,"",10022059
10022178,2022-06-29,美国英雄,"","",3,0,"",10022059
10022044,2022-06-25,中华武术,"","",2,0,"",10022059
10022176,2022-06-29,工作职业,"","",2,0,"",10021563
10022418,2022-07-05,运动,"","",1,0,"",10022417
10022389,2022-07-05,犯罪片,"","",3,0,"",10022369
10022394,2022-07-05,革命年代,"","",1,0,"",10022351
10022352,2022-07-04,抗战,"","",1,0,"",10022394
10022395,2022-07-05,官场,"","",2,0,"",10022351
10022353,2022-07-04,宫廷,"","",2,0,"",10022395
10022397,2022-07-05,名人故事,"","",1,0,"",10022210
10022417,2022-07-05,竞技游戏,"","",3,0,"",10021563
10022384,2022-07-05,奇异事件,"","",4,0,"",10021563
10022419,2022-07-05,游戏,"","",2,0,"",10022417
10022365,2022-07-04,演员,"","",1,0,"",10022176
10022366,2022-07-04,商人,"","",2,0,"",10022176
10021747,2022-06-22,世界观,"","",3,0,"",10000003
10022046,2022-06-25,中国特色,"","",3,0,"",10021567
10022471,2022-07-07,励志,"","",4,0,"",10022058
10022489,2022-07-07,搞笑,"","",5,0,"",10022058
10022504,2022-07-08,印度神话,"","",3,0,"",10021102
10022506,2022-07-08,凯尔特神话,"","",3,0,"",10021103
10022522,2022-07-09,爱情歌曲,Item,"",0,0,"",10000157
10022534,2022-07-09,道教,"","",1,0,"",10022527
10022535,2022-07-09,天庭,"","",0,0,"",10022527
10022536,2022-07-09,佛教,"","",3,0,"",10022527
10022528,2022-07-09,先祖英烈,"","",2,0,"",10021196
10022527,2022-07-09,神佛魔兽,"","",1,0,"",10021196
10022541,2022-07-09,上古经典,"","",3,0,"",10021196
10022543,2022-07-09,神话故事,"","",4,0,"",10021196
10022684,2022-07-16,KIN,Person,"",0,0,"",10000240
10022687,2022-07-17,WeisiliFamliy,Item,"",10,0,"",10000252
10022692,2022-07-17,热点现象,Item,"",1,0,"",10000087
10022696,2022-07-17,课题目标,Item,"",5,0,"",10000083
10022698,2022-07-18,乡情,"","",1,0,"",10020923
10022715,2022-07-18,爱情,"","",2,0,"",10020923
10022811,2022-07-23,PatrickFamily,Item,"",13,0,"",10000252
10023252,2022-08-19,音乐,"","",2,0,"",10000136
10000264,1997-09-01,三国,Event,2022-09-29,0,0,1997-09-01,10000032
10024265,2022-10-22,自动化09-2女生,Person,"",5,0,"",10021622
10024264,2022-10-22,316,Person,"",3,0,"",10021622
10025044,2022-11-29,永川环保局,,,0,0,,
10024267,2022-10-22,自动化09-1女生,Person,"",5,0,"",10021623
10025046,2022-11-29,朋友,,,0,0,,
10024278,2022-10-22,314,Person,"",2,0,"",10021623
10024279,2022-10-22,315,Person,"",3,0,"",10021623
10024266,2022-10-22,229,Person,"",1,0,"",10021623
10024318,2022-10-22,大学生活,Event,"",4,0,"",10000238
10024325,2022-10-22,学习项目,Event,"",4,0,"",10024318
10024335,2022-10-22,宿舍活动,Event,"",1,0,"",10024318
10024338,2022-10-22,班级活动,Event,"",3,0,"",10024318
10024686,2022-11-07,经典游戏,,,0,0,,
10024687,2022-11-07,日常娱乐,"","",1,0,"",10024686
10024688,2022-11-07,电子游戏,"","",2,0,"",10024686
10024689,2022-11-07,沙盘游戏,"","",2,0,"",10000134
10024714,2022-11-09,历史人物,,,0,0,,
10024716,2022-11-09,名将榜,"","",2,0,"",10024714
10024719,2022-11-09,秦汉,"","",2,0,"",10024716
10024722,2022-11-09,明清,"","",5,0,"",10024716
10025048,2022-11-29,朝起理念,"","",3,0,"",10019643
10025049,2022-11-29,高島平活動,Item,"",2,0,"",10000203
10024718,2022-11-09,夏商周,"","",1,0,"",10024716
10021628,2022-06-17,状态,Diagram,"",5,0,"",10000005
10022431,2022-07-06,22年7月新番,Event,2022-12-31,0,10027094,2022-07-01,10000030
10025050,2022-11-29,西千葉活動,Item,"",3,0,"",10000203
10024720,2022-11-09,隋唐宋元,"","",3,0,"",10024716
10024728,2022-11-09,隋唐,"","",1,0,"",10024720
10024729,2022-11-09,北宋,"","",2,0,"",10024720
10024730,2022-11-09,南宋,"","",3,0,"",10024720
10024736,2022-11-09,战国,"","",4,0,"",10024718
10024739,2022-11-09,两晋南北朝,"","",4,0,"",10024719
10024742,2022-11-09,明朝,"","",1,0,"",10024722
10024743,2022-11-09,清朝,"","",2,0,"",10024722
10024744,2022-11-09,近代,"","",3,0,"",10024722
10024789,2022-11-11,汉朝,"","",2,0,"",10019263
10024790,2022-11-11,唐朝,"","",4,0,"",10019263
10024791,2022-11-11,隋朝,"","",3,0,"",10019263
10024802,2022-11-11,三国武将,,,0,0,,
10025051,2022-11-29,朝起記録,"","",4,0,"",10019643
10025197,2022-12-04,大嬢及谢家,Person,"",1,0,"",10000220
10000235,2021-05-25,小学同学,Person,"",1,0,"",10024970
10025021,2022-11-27,游戏平台,"","",4,0,"",10018132
10025052,2022-11-29,朝起原稿,"","",1,0,"",10025051
10025026,2022-11-27,益智,"","",3,0,"",10000131
10025027,2022-11-27,游戏中心,"","",6,0,"",10018130
10025040,2022-11-29,永川中学,,,0,0,,
10025043,2022-11-29,重庆思辨,,,0,0,,
10025053,2022-11-29,ChristianThoughts,"","",4,0,"",10019645
10025249,2022-12-07,同学,"","",1,0,"",10025046
10025250,2022-12-07,同事,"","",2,0,"",10025046
10025298,2022-12-07,金龙镇谢家,"","",2,0,"",10018652
10025169,2022-12-03,永川城区,"","",2,0,"",10018652
10024975,2022-11-23,萱花中学,"","",7,0,"",10000215
10024970,2022-11-22,萱花小学,"","",3,0,"",10000215
10025296,2022-12-07,NECSL,"","",1,0,"",10019628
10025297,2022-12-07,思辨科技,Item,"",2,0,"",10019628
10022679,2022-07-16,环保局,Diagram,"",4,0,"",10019628
10025300,2022-12-07,学生生涯,Diagram,"",2,0,"",10019552
10025301,2022-12-07,工作经历,Diagram,"",3,0,"",10019552
10025302,2022-12-07,旅行见闻,Diagram,"",4,0,"",10019552
10025319,2022-12-08,办公室工作,Diagram,"",2,0,"",10022679
10025327,2022-12-08,工作事件,Diagram,"",3,0,"",10022679
10025325,2022-12-08,领导班子,Person,"",2,0,"",10000242
10025328,2022-12-08,办公室,Person,"",1,0,"",10000242
10025329,2022-12-08,监察室,Person,"",1,0,"",10025328
10025331,2022-12-08,设备管理,Diagram,"",1,0,"",10025319
10025332,2022-12-08,信息系统,Diagram,"",2,0,"",10025319
10025343,2022-12-08,环保局相关活动,Diagram,"",4,0,"",10022679
10025350,2022-12-08,纯音乐,Item,"",2,0,"",10000160
10025349,2022-12-08,励志歌曲合集,Item,"",3,0,"",10000160
10025573,2022-12-26,梦想追求,Item,"",6,0,"",10000083
10025577,2022-12-26,写作经验,Item,"",4,0,"",10000163
10025621,2022-12-29,写作素材,Item,"",2,0,"",10025577
10025639,2023-01-01,長沼家,Item,"",0,0,"",10000254
10025902,2023-01-22,生活技巧,"","",5,0,"",10021632
10025962,2023-01-24,Language,"","",1,0,"",10019639
10025963,2023-01-24,Computer,"","",2,0,"",10019639
10026060,2023-02-01,奇人,Item,"",9,0,"",10000086
10026125,2023-02-05,未知游戏,"","",9,0,"",10018132
10026127,2023-02-05,期待动漫,Item,"",9,0,"",10000109
10026398,2023-03-03,零散记忆,"","",4,0,"",10024970
10026402,2023-03-03,零食玩具,"","",1,0,"",10018500
10026403,2023-03-03,学校事务,"","",1,0,"",10018500
10026404,2023-03-03,小学糟事,"","",9,0,"",10026398
10026405,2023-03-03,同学玩乐,"","",2,0,"",10018500
10026412,2023-03-03,中学记忆,"","",5,0,"",10024975
10026411,2023-03-03,中学生活,"","",2,0,"",10024975
10026413,2023-03-03,画面记忆,"","",1,0,"",10026412
10026190,2023-02-11,儿时游戏,"","",0,0,"",10000136
10026534,2023-03-12,听小说,Item,"",5,0,"",10021520
10026547,2023-03-13,感想,,,0,0,,
10026549,2023-03-13,工作,"","",1,0,"",10026547
10025193,2022-12-04,大哥家,Item,"",2,0,"",10000218
10025194,2022-12-04,爸爸家,Item,"",3,0,"",10000218
10025196,2022-12-04,公公家,Item,"",5,0,"",10000218
10025195,2022-12-04,妈妈家,Item,"",4,0,"",10000218
10025251,2022-12-07,交际,"","",3,0,"",10025046
10026642,2023-03-25,经验,,,0,0,,
10026644,2023-03-26,特点想法,Item,"",2,0,"",10025577
10026874,2023-04-05,人工智能,Item,"",1,0,"",10000170
10018497,2022-04-14,广电局家属院,Diagram,"",12,0,"",10025169
10021722,2022-06-21,川剧团,Diagram,"",9,0,"",10025169
10018499,2022-04-14,石油西路,Diagram,"",2,0,"",10025169
10018659,2022-04-16,城区：石油路,Diagram,"",3,0,"",10018499
10024322,2022-10-22,实践活动,Event,"",1,0,"",10000239
10026964,2023-04-13,经典老番,Item,"",1,0,"",10000101
10026968,2023-04-13,番剧索引（旧）,,,0,0,,
10026971,2023-04-13,机甲系列,Item,"",4,0,"",10026964
10026973,2023-04-13,运动系列,Item,"",3,0,"",10026964
10026967,2023-04-13,年度动漫18,Item,"",4,0,"",10000101
10000106,2021-05-25,少女校园,Item,"",1,0,"",10026968
10026972,2023-04-13,动漫03,Item,"",13,0,"",10026964
10026966,2023-04-13,新番动漫10,Item,"",3,0,"",10000101
10026946,2023-04-12,23年4月新番,Event,2023-06-30,0,10027094,2023-04-01,10000030
10025059,2022-11-29,東京ELife,"","",3,0,"",10019629
10026965,2023-04-13,早期动漫06,Item,"",2,0,"",10000101
10026970,2023-04-13,战斗系列,Item,"",2,0,"",10026964
10025055,2022-11-29,公公家,Person,"",0,0,"",10000219
10020408,2022-05-27,高祖家,Person,"",21,0,"",10000219
10027180,2023-04-20,特殊类型,"","",9,0,"",10020718
10020928,2022-06-04,共享爱好,"","",5,0,"",10000213
10027253,2023-04-24,板桥区,Item,"",1,0,"",10000248
10027254,2023-04-24,移居住所,Item,"",2,0,"",10000248
10027255,2023-04-24,日常生活,,,0,0,,
10027257,2023-04-24,衣食住行,"","",1,0,"",10027255
10000283,2022-01-09,22年1月新番,Event,2022-09-29,221,10026968,2022-01-09,10000030
10027258,2023-04-24,购物消费,"","",1,0,"",10027255
10027259,2023-04-24,重要物品,"","",3,0,"",10027255
10027260,2023-04-24,其他活动,"","",4,0,"",10027255
10027316,2023-04-27,生活,"","",0,0,"",10026547
10027364,2023-04-29,社会,"","",3,0,"",10026547
10027424,2023-05-03,Favorite,Item,"",6,0,"",10000037
10027094,2023-04-18,最新动漫,Item,"",9,0,"",10000109
10000030,2019-11-10,Animation,Event,"",0,10027094,"",10000014
10027425,2023-05-03,Character,Item,"",1,0,"",10027424
10020200,2022-05-24,喜欢角色,"","",0,0,"",10027425
10027426,2023-05-03,动漫相关事件,Item,"",7,0,"",10000109
10027096,2023-04-18,儿童动画,,,0,0,,
10027098,2023-04-18,日本动画片,"","",2,0,"",10027096
10027097,2023-04-18,国产动画片,"","",1,0,"",10027096
10027099,2023-04-18,美国动画片,"","",3,0,"",10027096
10027100,2023-04-18,其他儿童动画,"","",4,0,"",10027096
10027427,2023-05-03,工作内容,"","",4,0,"",10021417
10027101,2023-04-18,动漫06,Item,"",6,0,"",10026965
10026974,2023-04-13,儿童系列,Item,"",1,0,"",10026964
10027102,2023-04-18,动漫00,Item,"",10,0,"",10026964
10026978,2023-04-13,动漫02,Item,"",12,0,"",10026964
10027104,2023-04-18,动漫01,Item,"",11,0,"",10026964
10027112,2023-04-19,动漫07,Item,"",7,0,"",10026965
10027114,2023-04-19,动漫08,Item,"",8,0,"",10026965
10027115,2023-04-19,动漫09,Item,"",9,0,"",10026965
10027429,2023-05-03,英语学习,,,0,0,,
10027003,2023-04-14,新番12,Item,"",12,0,"",10026966
10027476,2023-05-05,生活圈,Diagram,"",1,0,"",10000008
10027011,2023-04-14,新番13,Item,"",13,0,"",10026966
10026981,2023-04-13,新番14,Item,"",14,0,"",10026966
10026982,2023-04-13,新番15,Item,"",15,0,"",10026966
10027002,2023-04-14,新番16,Item,"",16,0,"",10026966
10027118,2023-04-19,新番17,Item,"",17,0,"",10026966
10027080,2023-04-18,新番19,Item,"",19,0,"",10026967
10027078,2023-04-18,新番20,Item,"",20,0,"",10026967
10027081,2023-04-18,新番21,Item,"",21,0,"",10026967
10027083,2023-04-18,新番22,Item,"",22,0,"",10026967
10027110,2023-04-18,动漫04,Item,"",4,0,"",10026965
10027111,2023-04-19,动漫05,Item,"",5,0,"",10026965
10027116,2023-04-19,动漫10,Item,"",10,0,"",10026966
10027117,2023-04-19,动漫11,Item,"",11,0,"",10026966
10027119,2023-04-19,新番18,Item,"",18,0,"",10026967
10024138,2022-10-15,22年10月新番,Event,2023-03-30,0,10027094,2022-10-01,10000030
10027145,2023-04-20,经典文学,,,0,0,,
10027147,2023-04-20,古典名著,"","",2,0,"",10027145
10027149,2023-04-20,现代文学,"","",4,0,"",10027145
10027148,2023-04-20,外国文学,"","",5,0,"",10027145
10027152,2023-04-20,网文新类型,Item,"",9,0,"",10000102
10027169,2023-04-20,Elife工作,"","",3,0,"",10025059
10027170,2023-04-20,思辨工作,Item,"",2,0,"",10025297
10027174,2023-04-20,重庆生活,Item,"",3,0,"",10025297
10027589,2023-05-10,情感交流,"","",3,0,"",10026547
10027658,2023-05-13,永川新生活,,,0,0,,
10027677,2023-05-13,外地,"","",4,0,"",10027658
10027679,2023-05-13,未分类永川生活,"","",9,0,"",10027677
10000018,2019-11-10,TSSummit,Event,2023-05-10,0,10021417,2016-06-20,10000015
10027797,2023-05-15,蒋思源家,Person,"",1,0,"",10000222
10027798,2023-05-15,大嫂家,Item,"",1,0,"",10025193
10027804,2023-05-16,好恶,,,0,0,,
10027736,2023-05-15,三祖,Person,"",31,0,"",10020408
10027740,2023-05-15,七祖,Person,"",61,0,"",10020408
10027741,2023-05-15,八祖,Person,"",71,0,"",10020408
10027887,2023-05-16,过去事情,Diagram,"",3,0,"",10018516
10027745,2023-05-15,乾寿家,Person,"",2,0,"",10027726
10027735,2023-05-15,祖祖家,Person,"",1,0,"",10000219
10027766,2023-05-15,童年记忆,Diagram,"",1,0,"",10018516
10027767,2023-05-15,回乡旅程,Diagram,"",4,0,"",10018516
10027781,2023-05-15,乾德家,Person,"",0,0,"",10027726
10027806,2023-05-16,食物类,"","",1,0,"",10027804
10027808,2023-05-16,喜好食物,"","",1,0,"",10027806
10027809,2023-05-16,厌恶食物,"","",2,0,"",10027806
10027807,2023-05-16,娱乐类,"","",2,0,"",10027804
10027810,2023-05-16,爱好活动,"","",0,0,"",10027807
10027811,2023-05-16,讨厌活动,"","",2,0,"",10027807
10027818,2023-05-16,肖家远亲,Person,"",31,0,"",10000219
10027827,2023-05-16,青峰人员,Diagram,"",0,0,"",10018516
10027835,2023-05-16,健均房,Person,"",1,0,"",10027818
10027839,2023-05-16,乾清房,Person,"",1,0,"",10027835
10027843,2023-05-16,健康房,Person,"",0,0,"",10027818
10027726,2023-05-15,二祖,Person,"",21,0,"",10020408
10027863,2023-05-16,肖家其他亲戚,Person,"",4,0,"",10027818
10027856,2023-05-16,幺妈家,Person,"",1,0,"",10000224
10027865,2023-05-16,姑婆家,Person,"",7,0,"",10027735
10027737,2023-05-15,五祖,Person,"",41,0,"",10020408
10027912,2023-05-17,婆婆家,Person,"",21,0,"",10025055
10027917,2023-05-17,姑祖,Person,"",99,0,"",10020408
10028006,2023-05-19,武术馆活动,Diagram,"",2,0,"",10018498
10028019,2023-05-19,妈,Event,"",1,0,2023-05-19,10000020
10027675,2023-05-13,地点,"","",2,0,"",10027658
10027660,2023-05-13,人物,"","",1,0,"",10027658
10027676,2023-05-13,事件,"","",3,0,"",10027658
10027739,2023-05-15,六祖,Person,"",51,0,"",10020408
10028023,2023-05-19,大哥家,,,0,0,,
10028024,2023-05-19,大哥相关,"","",1,0,"",10028023
10028022,2023-05-19,大哥,Event,"",1,10028024,2023-05-19,10000032
10028053,2023-05-20,人际交流经验,,,0,0,,
10028055,2023-05-20,人际交往,"","",1,0,"",10028053
10028056,2023-05-20,相亲,"","",2,0,"",10028053
10028075,2023-05-20,高中老师,Person,"",4,0,"",10000237
10028076,2023-05-20,高中同学（留守）,Person,"",1,0,"",10000237
10028244,2023-05-28,新番23,Item,"",23,0,"",10026967
10028251,2023-05-28,爸,Event,"",1,0,2023-05-10,10000023
10028256,2023-05-28,萧皓然,Event,"",2,0,2023-05-10,10000023
10028313,2023-05-31,李红姐,Item,"",1,0,"",10000234
10028318,2023-05-31,陆萍家,Person,"",1,0,"",10000230
10028319,2023-05-31,陆川家,Person,"",2,0,"",10000230
10028320,2023-05-31,沈文家,Person,"",1,0,"",10000229
10028321,2023-05-31,沈兵家,Person,"",2,0,"",10000229
10028322,2023-05-31,沈利家,Person,"",3,0,"",10000229
10028323,2023-05-31,外公家,Person,"",0,0,"",10000220
10028327,2023-05-31,光华家,Item,"",2,0,"",10000232
10028328,2023-05-31,光英家,Item,"",1,0,"",10000232
10028512,2023-06-09,李恒法,Item,"",2,0,"",10000234
10028515,2023-06-09,璧山系,,,0,0,,
10028517,2023-06-09,蔡容家,"","",1,0,"",10028515
10028518,2023-06-09,罗家,"","",2,0,"",10028515
10028614,2023-06-12,肖体松,Event,2023-09-30,3,0,2023-06-12,10000023
10028637,2023-06-13,乾楷家,Person,"",3,0,"",10027740
10028638,2023-06-13,坤凤,Person,"",6,0,"",10000226
10028727,2023-06-17,陈家,Diagram,"",1,0,"",10027827
10028730,2023-06-17,青峰水库,Diagram,"",0,0,"",10027827
10028972,2023-06-29,教育,,,0,0,,
10028974,2023-06-29,儿童教育,"","",2,0,"",10028972
10028975,2023-06-29,自我教育,"","",1,0,"",10028972
10028980,2023-06-29,运动,"","",1,0,"",10028975
10028985,2023-06-30,开叔家,Diagram,"",3,0,"",10027827
10028992,2023-06-30,袁家,Diagram,"",4,0,"",10027827
10029037,2023-07-01,少儿作业,"","",4,0,"",10028974
10029147,2023-07-08,编程概念,,,0,0,,
10029149,2023-07-08,基础课程,"","",1,0,"",10029147
10029155,2023-07-08,基础程序,"","",1,0,"",10029147
10028997,2023-06-30,交际,Event,"",6,10027679,"",10000011
10030414,2023-09-10,教育内卷,Item,"",0,0,"",10000080
10030607,2023-09-20,最新歌曲,Item,"",9,0,"",10000160
10030609,2023-09-20,其他游戏,Item,"",4,0,"",10000103
10000136,2021-05-25,桌面游戏,"","",9,0,"",10030609
10030608,2023-09-20,最新游戏,Item,"",9,0,"",10030609
10000035,2019-11-10,Er,Event,"",5,10000035,"",10000014
10030618,2023-09-20,常见问题,Item,"",5,0,"",10000167
10023191,2022-08-15,编程游戏,Item,"",3,0,"",10000169
10020550,2022-05-29,工具软件,Item,"",5,0,"",10000169
10030621,2023-09-20,写作平台,Item,"",2,0,"",10025577
10030759,2023-09-24,待办事项,,,0,0,,
10030760,2023-09-24,待办,"","",1,0,"",10030759
10030761,2023-09-24,已办,"","",2,0,"",10030759
